name,city,state,website,services,primary_service,estimated_revenue,employee_count,employee_count_min,employee_count_max,ownership_type,is_pe_backed,key_contact_name,key_contact_title,phone,year_founded,google_rating,confidence_score,data_sources,description
Porte Brown,Elk Grove Village,IL,https://portebrown.com,Sales & Use Tax; Work Opportunity Tax Credits,Work Opportunity Tax Credits,,60,,,,,,,(847) 956-1040,,4.1,0.85,google_places; website,Searching for top CPA services in Chicago? Our expert team of accountants offers customized solutions to meet your business needs. Contact us today!
Vo & Ouk CPA LLC,Houston,TX,https://vooukcpa.com,Work Opportunity Tax Credits,Work Opportunity Tax Credits,,,2,10,,,,,(832) 506-7528,,5.0,0.81,google_places; website; linkedin,"Vo & Ouk CPAs - Houston Bookkeeping Service, Small Business Accountant, Business Tax & Tax Reduction Planning. Houston Small Business Accountant."
McMillian & Associates,Atlanta,GA,https://mcataxcredits.com,R&D Tax Credits; Work Opportunity Tax Credits,Work Opportunity Tax Credits,,,,,Family-owned,,,,(470) 377-4277,1998,5.0,0.805,google_places; website,"Since 1998, we've helped thousands of small businesses to Fortune 500 companies increase their profitablity through tax credits."
Tax Point Advisors,North Andover,MA,https://taxpointadvisors.com,R&D Tax Credits; Cost Segregation,R&D Tax Credits,,,,,,,Managing Shareholder,Founder,(800) 260-4138,,,0.805,website; google_places,We're the nation's premier provider of Research and Development Tax Credit Studies.
Tax Defender USA,New York,NY,https://taxdefenderusa.com,Sales & Use Tax,Sales & Use Tax,,8,,,,,Tapan Patel,Owner,(800) 593-2559,,4.8,0.799,google_places; website,"Transform your firm with AI-powered marketing, automation, and storytelling. Build visibility, save time, and win with CountingWorks PRO."
"FinAccurate, LLC",Woburn,MA,https://finaccurate.com,R&D Tax Credits; Cost Segregation,R&D Tax Credits,,,,,,,,,(617) 648-5881,,4.8,0.787,website; google_places,"Trust FinAccurate LLC for reliable accounting, bookkeeping, and tax services in Woburn, MA. Call 617-648-5881 for personalized financial solutions."
New York State Income Tax Center,Yonkers,NY,https://tax.ny.gov/pit,Sales & Use Tax; Work Opportunity Tax Credits,Work Opportunity Tax Credits,,,,,,,,,(914) 751-8164,,2.3,0.787,google_places; website,"Find resources to file NYS returns, pay tax, claim credits, and more at our home page for individuals."
Wilson Lewis CPA s,Atlanta,GA,https://wilsonlewis.com,R&D Tax Credits; Work Opportunity Tax Credits,Work Opportunity Tax Credits,,,,,,,,,(404) 881-1229,,3.0,0.787,google_places; website,"Learn about the audit, tax, consulting, and accounting services offered to companies in Atlanta and across Georgia including retirement plan audits - Atlanta CPA"
ATC Income Tax,Atlanta,GA,https://atcincometax.com,Work Opportunity Tax Credits,Work Opportunity Tax Credits,,25,,,,,,,(404) 696-8892,2004,4.9,0.78,google_places; website,"Choose ATC Income Tax for your tax needs, including tax refund advance and file taxes with confidence. Trust US’s top trusted tax service company."
Atc Financial L Lc,Atlanta,GA,https://atcincometax.com,Work Opportunity Tax Credits,Work Opportunity Tax Credits,,25,,,,,,,(404) 755-3337,2004,5.0,0.78,google_places; website,"Choose ATC Income Tax for your tax needs, including tax refund advance and file taxes with confidence. Trust US’s top trusted tax service company."
Debits & Credits LLC,Newton,MA,https://dbscds.com,R&D Tax Credits,R&D Tax Credits,,49,,,,,,,(508) 654-5540,,5.0,0.78,website; google_places,"Debits & Credits is one of the fastest growing accounting firms in New England, our goal is to provide high-quality advice and service to all our customers."
S & S Financial Services Inc,Los Angeles,CA,https://ssfinancial.services,Sales & Use Tax,Sales & Use Tax,,5,,,,,,,(310) 207-2640,2004,5.0,0.78,google_places; website,"We proudly serve the entire Southern California region, including Los Angeles County, Orange County, Riverside County, San Bernardino County, and San Diego County."
Tax Genius Inc.,New York,NY,https://taxgeniusinc.com,Sales & Use Tax,Sales & Use Tax,,25,,,,,,,(718) 576-2275,,4.8,0.78,google_places; website,"Tax Genius will take care of your tax, accounting, and bookkeeping needs. Specializing in bookkeeping and back tax problems for New Yorkers."
"Timothy S. Hart Law Group, P.C.",New York,NY,https://irstaxpros.com/?utm_source=local&utm_medium=organic&utm_campaign=gmb,Sales & Use Tax,Sales & Use Tax,,11,,,,,,,(917) 382-5142,,5.0,0.78,google_places; website,Would you like to speak with a top New York tax attorney & CPA? If you have a tax issue speak with Tim Hart who will help you.
Upscale of Boston,Hyde Park,MA,https://upscalebos.com,Sales & Use Tax,Sales & Use Tax,,20,,,,,,,(617) 276-3024,,1.0,0.78,website; google_places,"Upscale BOS offers expert tax services in Boston & online. File stress-free with max refunds for individuals, contractors & businesses."
randd uk ltd,including the SME scheme,,https://randduk.com/?utm_source=google&utm_medium=organic&utm_campaign=gmb_profile,R&D Tax Credits,R&D Tax Credits,,9,,,Corporate-owned,,,,01332 409711,2008,4.6,0.78,google_places; website,"Maximise your claim with our R&D tax credit specialists. 5,000+ successful claims. Watertight claims process meeting HMRC standards. No win no fee."
randd uk ltd,including the SME scheme,,https://randduk.com/?utm_source=google&utm_medium=organic&utm_campaign=gmb_profile,R&D Tax Credits,R&D Tax Credits,,9,,,Corporate-owned,,,,01332 409711,2008,4.6,0.78,google_places; website,"Maximise your claim with our R&D tax credit specialists. 5,000+ successful claims. Watertight claims process meeting HMRC standards. No win no fee."
The W Tax Group,Boston,MA,https://wtaxattorney.com,Work Opportunity Tax Credits,Work Opportunity Tax Credits,,3,11,50,,,,,(617) 531-1677,,,0.765,website; google_places; linkedin,Committed to helping Americans nationwide get tax relief by solving state & IRS tax problems. Get your life back on track with tax resolution services by The W Tax Group.
Walter Shuffain,Boston,MA,https://wsadvisors.com,R&D Tax Credits; Cost Segregation,R&D Tax Credits,,48,,,PE-backed,1,,,(617) 447-2700,,5.0,0.764,website; google_places,"Imagine your ideal with Boston accounting firm Walter Shuffain, serving real estate, health care, private equity, manufacturing/distribution, technology, high net worth, closely held businesses."
Black Inc Tax Services,East Los Angeles,CA,https://blackinctax.com,Sales & Use Tax,Sales & Use Tax,,,,,Corporate-owned,,,,(323) 263-3399,,4.8,0.735,google_places; website,"Most Reviewed 5-Star Tax Firm in Los Angeles. Los Angeles Tax Experts – Free Consultation! Maximize deductions, save time, and boost profits with professional tax and accounting services. Avoid penalties & stay financially secure. Get expert help in LA today!"
"DRDA, LLC - Certified Public Accountants & Business Consultants",Houston,TX,https://drdacpa.com,R&D Tax Credits,R&D Tax Credits,,,,,Family-owned,,,,(281) 488-2022,,4.1,0.735,google_places; website,DRDA is a team of experienced CPAs and advisors who do more than balance the books. Every business has unique challenges—but the right guide makes a difference.
Hillhurst Tax Group,Los Angeles,CA,https://hillhursttaxgroup.com,Sales & Use Tax,Sales & Use Tax,,,,,Franchise,,,,(323) 486-3314,2012,4.6,0.735,google_places; website,Our team of top Los Angeles tax attorneys at Hillhurst Tax Group is experienced in tax law and is proud to help clients in the Southern California area.
Innova Tax Solutions,Commerce,CA,https://innovataxsolutions.com,Sales & Use Tax,Sales & Use Tax,,,,,Franchise,,,,(323) 213-3330,,5.0,0.735,google_places; website,25 years of experience in accounting and tax preparation at innovataxsolutions
Qtax1,Philadelphia,PA,https://qtax1.net,Sales & Use Tax,Sales & Use Tax,,,,,Family-owned,,,,(215) 386-1321,2009,4.7,0.735,google_places; website,"Hey there, we’re Qtax-1 — a family-owned business serving Philadelphia since 2009."
"Robert A. Woloshen CPA, PC",New York,NY,https://rawcpa.com,Work Opportunity Tax Credits,Work Opportunity Tax Credits,,,,,Family-owned,,,,(212) 843-3486,,3.5,0.735,google_places; website,Individual tax services. Estate planning. Small business incorporation. Member of the AICPA. Member of the NATP. Call us for a free estimate.
The Right Choice Financial & Tax Services,Pearland,TX,https://trcfinancialservices.com,Work Opportunity Tax Credits,Work Opportunity Tax Credits,,,,,Family-owned,,,,(713) 413-4172,1993,5.0,0.735,google_places; website,Join over 67 million Americans who depend on Tax Professionals to file their taxes.
The Tax Consultancy Group Inc.,Los Angeles,CA,https://taxconsultgroup.com,Sales & Use Tax,Sales & Use Tax,,,,,Family-owned,,,,(310) 829-0300,,5.0,0.735,google_places; website,PriorityYour success is our priorityEngageOur team's sole focus is to engage in helping you achieve your desired objectivesDedicationClosely Held and Family BusinessCLARITYOur many years of experience help simplify the challenges facing businesses and individuals each day
Total Choice Financial Solutions Group,Atlanta,GA,https://choicefinancialcoaching.org,Work Opportunity Tax Credits,Work Opportunity Tax Credits,,,,,Corporate-owned,,,,(678) 310-5137,,5.0,0.735,google_places; website,"At Total Choice Financial Solutions Group, we believe your financial life deserves more than basic solutions — it deserves strategy, protection, and a refined touch. We deliver high-level financial services crafted with precision, discretion, and an unwavering commitment to excellence."
212 Tax,New York,NY,https://212tax.com,Sales & Use Tax,Sales & Use Tax,,,,,,,,,(646) 933-9534,,4.8,0.717,google_places; website,"CPA tax accountant in NYC, Anil Melwani at 212 Tax & Accounting Services is here to help you with your back taxes, audit representation, individual taxes & business taxes."
ACE Plus Tax Resolution - Tax Relief Service Specialist,Los Angeles,CA,https://aceplustaxresolution.com,Sales & Use Tax,Sales & Use Tax,,,,,,,,,(213) 600-7388,,5.0,0.717,google_places; website,"Ace Plus Tax Resolution offers proven tax resolution strategies for IRS problems, delivering compassionate tax relief that protects your assets and future."
Affordable Accounting Solutions,Philadelphia,PA,https://taxpa.com,Sales & Use Tax,Sales & Use Tax,,,,,,,,,(215) 464-3100,,3.4,0.717,google_places; website,"Looking for accountants in Philadelphia, PA? TaxPA offers clear, reliable tax solutions for individuals and businesses. Let us simplify your tax needs!"
"Amro Azazi CPA, PC",Philadelphia,PA,https://amroazazi.com,Cost Segregation,Cost Segregation,,,,,,,,,(215) 346-5888,,5.0,0.717,google_places; website,"Accounting and tax services from Philadelphia, PA CPA firm, Amro Azazi CPA, PC. Free consultation."
"Andy Yu, CPA & Associates",Los Angeles,CA,https://aycpa.com,Sales & Use Tax,Sales & Use Tax,,,,,,,,,(213) 365-8100,,4.6,0.717,google_places; website,"Andy Yu, CPA & Associates helps you resolve IRS tax audit and provides tax solutions for your business or personal matters. Resolve your IRS tax debts now."
Anomaly CPA,Boston,MA,https://anomalycpa.com/our-impact,R&D Tax Credits,R&D Tax Credits,,,,,,,,,(781) 694-2203,,5.0,0.717,website; google_places,Experience the transformative impact of our Virtual Accountants. Implement advanced tax strategies to fortify your financial future.
BFA,Boston,MA,https://bfallc.net,Sales & Use Tax,Sales & Use Tax,,,,,,,,,(617) 523-7111,,5.0,0.717,google_places; website,Month of FebruaryDays:Monday – FridayHours:8 a.m. – 5 p.m.Saturday:8 a.m. -3 p.m.
Baker Newman Noyes,Boston,MA,https://bnncpa.com,Sales & Use Tax,Sales & Use Tax,,,,,,,,,(617) 556-3900,,,0.717,google_places; website,"Baker Newman Noyes (BNN) is a US Top 100-ranked public accounting firm with offices in New England. We specialize in tax, assurance, and advisory services."
Boylston Tax Group,Needham Heights,MA,https://boylston.cpa,R&D Tax Credits,R&D Tax Credits,,,,,,,,,(781) 425-5810,,5.0,0.717,website; google_places,Boylston Tax Group provides excellent tax & financial services for businesses & individuals to help you reach financial goals. Contact us today!
C & S Tax Consultants Inc.,Bronx,NY,https://cstaxes.com,Sales & Use Tax,Sales & Use Tax,,,,,,,,,(347) 340-2827,,5.0,0.717,google_places; website,"Welcome to C & S Tax Consultants, your trusted partner for tax preparation 
and financial services. We specialize in maximizing your refunds, providing 
expert advice, and ensuring compliance with the latest tax laws. Whether 
you're an individual or a business, our dedicated team is here to simplify 
your tax experience and optimize your financial future. Get started with us 
today!"
"C&W Tax & Accounting, Co.",Forest Hills,NY,https://cwtax.com,Work Opportunity Tax Credits,Work Opportunity Tax Credits,,,,,,,,,(718) 968-5189,2005,,0.717,google_places; website,Get your very own domain easily. Fast and professional customer service.
CB Unlimited Tax Consulting Corp.,Boston,MA,https://cbunlimitedtaxconsulting.com,Sales & Use Tax,Sales & Use Tax,,,,,,,,,(617) 568-9994,2002,4.6,0.717,website; google_places,"For the best Tax Consulting Service Nation Wide, trust the tax professionals at CB Unlimited Tax Consulting."
CFGI,Boston,MA,https://cfgi.com,R&D Tax Credits,R&D Tax Credits,,,,,,,,,(617) 531-8270,,3.0,0.717,google_places; website,"When in need of an interim CFO or financial consulting, MA companies turn to CFGI, an industry leader providing top-tier MA accounting consulting."
CHARLIE KIM CPA (찰리킴 공인회계사),Los Angeles,CA,https://charliekimcpa.com,Sales & Use Tax,Sales & Use Tax,,,,,,,,,(949) 542-2181,,5.0,0.717,google_places; website,"Tax Return, Certified Public Accountant, Payroll services, Accounting Services, Sales Tax, 찰리킴 회계사"
CP Tax Services,Marlborough,MA,https://cptaxserv.com,Work Opportunity Tax Credits,Work Opportunity Tax Credits,,,,,,,,,(774) 843-2167,,5.0,0.717,website; google_places,We has the best tax preparation service. We file federal and state income tax returns with 100% accuracy to get your maximum tax refund guaranteed.
Caraballo CPA,Boston,MA,https://caraballocpa.com,Sales & Use Tax,Sales & Use Tax,,,,,,,,,(617) 735-6541,,5.0,0.717,google_places; website,Gain a clear understanding of your company’s financial health through our comprehensive analysis of financial records and statements.
CommissionTax®️ By The Commission Ent LLC,New York,NY,https://commissiontax.com,Sales & Use Tax,Sales & Use Tax,,,,,,,,,(646) 232-4085,,4.9,0.717,google_places; website,This site is protected by reCAPTCHA and the GooglePrivacy PolicyandTerms of Serviceapply.
"Cost Segregation Consultants, LLC",Draper,UT,https://costsegconsultants.com,Cost Segregation,Cost Segregation,,,,,,,,,(801) 647-5225,1998,5.0,0.717,website; google_places,Cost Segregation Experts with over 50 years of qualified cost segregation experience. Our studies follow the IRS Audit Techniques Guide.
"Cost Segregation Consultants, LLC",San Pedro,CA,https://costsegconsultants.com,Cost Segregation,Cost Segregation,,,,,,,,,(213) 465-0670,1998,,0.717,google_places; website,Cost Segregation Experts with over 50 years of qualified cost segregation experience. Our studies follow the IRS Audit Techniques Guide.
Costwise Tax and Business Services,Atlanta,GA,https://costwisetaxservices.com,Work Opportunity Tax Credits,Work Opportunity Tax Credits,,,,,,,,,(470) 456-1017,,5.0,0.717,google_places; website,"We do taxes right the first time. Knowledge matters, so applied to each person’s tax situation makes the outcome of your return impactful. That’s how we do taxes right, the first time!!!"
DLS TAX SOLUTIONS,Jamaica Plain,MA,https://dlstaxsolutions.com,Sales & Use Tax,Sales & Use Tax,,,,,,,,,(617) 650-9865,,5.0,0.717,google_places; website,"Explore DLS Tax Solutions for seamless tax filing, ITIN requests, business 
registration, and secure document submission. Book a consultation today."
Dukhon Tax and Accounting LLC,Boston,MA,https://dukhontax.com,Sales & Use Tax,Sales & Use Tax,,,,,,,,,(617) 651-0531,2011,3.8,0.717,website; google_places,Dukhon Tax CPAs assist individuals and businesses in Boston and abroad with their accounting & financial needs. Foreign Tax Advisors & Income Tax Prep.
Energy Tax Savers / R&D Tax Savers,Syosset,NY,https://energytaxsavers.com,R&D Tax Credits,R&D Tax Credits,,,,,,,,,(516) 364-2630,,5.0,0.717,website; google_places,"Energy Tax Savers, Inc. is the nation's leading tax firm for energy-related tax savings. From this site you can learn more regarding potential energy tax savings through EPAct 179D."
Friendly Tax Advisors LLC Philadelphia,Philadelphia,PA,https://ftaphiladelphia.com,Sales & Use Tax,Sales & Use Tax,,,,,,,,,(215) 482-6764,,5.0,0.717,google_places; website,Call(215) 482-6764to schedule your appointment and take the first step towards a stress-free tax season.
Goldfine Tax Accountants and Consultants,New York,NY,https://goldfinecpa.com,Sales & Use Tax,Sales & Use Tax,,,,,,,,,(212) 714-6655,,4.0,0.717,google_places; website,"Goldfine C.P.A. is a notable accounting firm based in New York City. We provide corporate tax, partnership tax, business management services, tax planning, and quickbook solutions for businesses and individuals. Member of AICPA, NYSSCPA, NATP."
"Internal Tax Service, LLC",Philadelphia,PA,https://bestphillycpa.com,Sales & Use Tax,Sales & Use Tax,,,,,,,,,(877) 846-8003,,3.9,0.717,google_places; website,"Internal Tax Service, LLC is a Philadelphia CPA firm providing accounting and tax services to help  small businesses grow and prosper."
Ivy Tax and Accounting Services - NYC CPA and Tax Preparer,New York,NY,https://healthytaxes.com,Sales & Use Tax,Sales & Use Tax,,,,,,,,,(212) 279-9000,,5.0,0.717,google_places; website,"Take a look at our Home page. Ivy Tax and Accounting Services is a full service tax, accounting and business consulting firm located in New York, NY."
J. David Tax Law,Philadelphia,PA,https://jdavidtaxlaw.com/philadelphia-tax-attorney,Sales & Use Tax,Sales & Use Tax,,,,,,,,,(215) 857-8920,2011,5.0,0.717,google_places; website,"Philadelphia, PA tax attorney offering expert tax debt resolution for IRS audits, collections & more. Call our Pennsylvania tax lawyers at (215) 857-8920."
Jeffrey R. Wolfe Accounting & Tax Services,Evanston,IL,https://jeffreyrwolfeaccountingandtaxservices.com,Work Opportunity Tax Credits,Work Opportunity Tax Credits,,,,,,,,,(224) 622-2113,,5.0,0.717,google_places; website,Discover our professional tax accounting services designed to maximize your savings and ensure compliance. Get started with our expert team today!
"Kevin Chou, CPA",Philadelphia,PA,https://taxprofessionalphiladelphia.com,Sales & Use Tax,Sales & Use Tax,,,,,,,,,(267) 388-1749,,2.7,0.717,google_places; website,"Call Kevin Chou, CPA in Philadelphia, PA at 267-388-1749 now  for Accountant services you can rely on!"
Luxury Tax Service,Los Angeles,CA,https://luxurytaxservice.com,Sales & Use Tax,Sales & Use Tax,,,,,,,,,(877) 598-3545,,4.9,0.717,google_places; website,"Luxury Tax Service has everything you need to have your taxes handled professionally. Our services include tax preparation, accounting, bookkeeping and more. We service both personal and business accounts with our knowledgeable and experienced staff."
OTS TAX SERVICES,Houston,TX,https://otsmanagementgroup.com,Work Opportunity Tax Credits,Work Opportunity Tax Credits,,,,,,,,,(713) 581-1790,,4.9,0.717,google_places; website,"At OTS Management Group, we take pride in offering a full spectrum of financial and management solutions designed to empower individuals and businesses to thrive. With a wealth of experience and a commitment to excellence, we are here to support your financial and management needs, no matter the scale or complexity."
Parker Financial Services,Philadelphia,PA,https://lesstax123.com,Sales & Use Tax,Sales & Use Tax,,,,,,,,,(215) 200-0306,,4.9,0.717,google_places; website,"Take a look at our Home page. Parker Financial Services is a full service tax, accounting and business consulting firm located in Philadelphia, PA."
Platinum Tax Service,Houston,TX,https://platinumtaxservice.net,Work Opportunity Tax Credits,Work Opportunity Tax Credits,,,,,,,,,(281) 884-9444,,3.3,0.717,google_places; website,Unlock the full potential of your business with our expert analyses and strategic guidance. We provide precise solutions tailored to enhance your competitive edge.
RAC Solutions Inc.,New York,NY,https://racsolutionsinc.com,R&D Tax Credits,R&D Tax Credits,,,,,,,,,(212) 281-1040,,4.8,0.717,google_places; website,"Accounting services and tax planning for small businesses. Contact New York, NY accounting firm RAC SOLUTIONS INC now to get started."
RND Consulting Inc,Cleveland,OH,https://rndcredits.com,R&D Tax Credits,R&D Tax Credits,,,,,,,,,(440) 519-1905,2004,3.0,0.717,website; google_places,"For more than a decade, RnD Consulting has been helping businesses identify, capture and defend research & development tax credits."
"RRD Accounting, Inc",New York,NY,https://rrdaccounting.com,R&D Tax Credits,R&D Tax Credits,,,,,,,,,(646) 674-0924,1991,,0.717,google_places; website,"RRD Accounting, Inc.is a New York based accounting firm.  Since 1991, RRD has been providing professional accounting and tax services to individuals and businesses in the tristate area.  With a small dedicated staff we take a personal interest in our client’s tax and financial needs.  We understand that every client is different and will take the time to understand your needs and provide a tailored response.  We are available year round to deal with questions or concerns."
Real Tax Debt Relief,Atlanta,GA,https://realtaxdebtrelief.com,R&D Tax Credits,R&D Tax Credits,,,,,,,,,(470) 777-4779,,4.9,0.717,google_places; website,"Our mission is to give our clients peace of mind, financial freedom, and the power to move forward in life with confidence."
"Real Tax USA- Accounting, Tax and Bookkeeping Services – Accountant in Brooklyn",Brooklyn,NY,https://realtaxusa.com,Sales & Use Tax,Sales & Use Tax,,,,,,,,,(929) 499-1040,,5.0,0.717,google_places; website,"Real Tax USA is your trusted partner for expert tax and accounting services in Brooklyn, NY. Schedule a free consultation today from our expert tax and accounting professionals."
"Research Tax Credits, LLC",Allentown,PA,https://researchtaxcreditsllc.com/about-us,R&D Tax Credits,R&D Tax Credits,,,,,,,,,(484) 232-1076,,,0.717,website; google_places,"works closely with CPAs, attorneys as well as financial, banking and real estate professionals as a resource to help identify opportunities to apply Research & Experimentation/Development Tax Credits, Cost Segregation Studies, Fixed Asset Reviews, 179D/Energy Efficient Building Tax Incentives, Domestic Production Deduction DPAD, the Export Incentive (IC-DISC), LIFO and IPIC LIFO Accounting, Auto Dealer LIFO and the Net Inventory Method for Auto Dealers and Retailers that receive "
Rush Tax Resolution,Los Angeles,CA,https://rushtaxresolution.com,Sales & Use Tax,Sales & Use Tax,,,,,,,,,(855) 477-2255,,4.7,0.717,google_places; website,Rush Tax Resolution is a trusted IRS tax attorney and tax relief help company. We offer tax relief help across the nation. Contact us today!
S & T Associates,Quincy,MA,https://sandtassociates.com,Sales & Use Tax,Sales & Use Tax,,,,,,,,,(617) 376-0111,1994,4.0,0.717,google_places; website,"Founded in 1994, S & T Associates Inc. is a business consulting, accounting and tax services firm. We work with small businesses and individuals as trusted partners within and outside our community to achieve our clients' goals. As a small business we know the concerns that can make or break a small business, and we have the expertise to give our individual clients the attention needed to achieve the best possible results to any issue. Our staff has built a reputation of trust and confidence wit"
SJ Associates,New York,NY,https://sjtax.com,Sales & Use Tax,Sales & Use Tax,,,,,,,,,(212) 929-3341,,3.7,0.717,google_places; website,"At SJ Associates NYC, LLC, we believe that tax preparation is not just about completing forms or meeting deadlines—that’s the final step in the process. The journey begins with tax planning and a deep understanding of our clients’ needs, goals, and financial situations."
Sales Tax Helper LLC,New York,NY,https://salestaxhelper.com,Sales & Use Tax,Sales & Use Tax,,,,,,,,,(866) 458-7966,,5.0,0.717,google_places; website,"Our team of lawyers, CPAs, and former sales tax auditors specialize in defending businesses with state sales & use tax matters.  We minimize your sales tax exposure, defend your business's rights, and hold the state accountable."
Sales Tax Helper LLC,Los Angeles,CA,https://salestaxhelper.com,Sales & Use Tax,Sales & Use Tax,,,,,,,,,(866) 458-7966,,5.0,0.717,google_places; website,"Our team of lawyers, CPAs, and former sales tax auditors specialize in defending businesses with state sales & use tax matters.  We minimize your sales tax exposure, defend your business's rights, and hold the state accountable."
"Savage Weiner & Company, CPAs",Boston,MA,https://swcpa.com,Sales & Use Tax,Sales & Use Tax,,,,,,,,,(617) 266-5100,1978,,0.717,google_places; website,"Savage, Weiner & Company is a full service tax and accounting firm, CPA Boston MA, Accountant Boston MA, Taxes Boston MA, CPA MA 02215"
"SoCal CPA Tax & Consulting Services, Inc.",Los Angeles,CA,https://socalcpatax.com,Sales & Use Tax,Sales & Use Tax,,,,,,,,,(424) 543-4461,,5.0,0.717,google_places; website,"No walk-ins accepted, you need a confirmed appointment at least 48 business hours in advance it could be in person or via zoom."
Spear CPA CFP,New York,NY,https://spearcpa.com,Sales & Use Tax,Sales & Use Tax,,,,,,,,,(212) 206-7336,2004,5.0,0.717,google_places; website,"Spear CPA CFP. We provide business tax, tax strategies for small businesses and advising services. One of the top NY Accountants."
Stanton Financial Management,Philadelphia,PA,https://stanton-financial.com,Sales & Use Tax,Sales & Use Tax,,,,,,,,,(267) 761-4441,,4.8,0.717,google_places; website,"Professional tax preparation, business formation, and financial consulting services in Philadelphia. Expert guidance for entrepreneurs and small businesses."
TW Tax & Credit Services,Lithonia,GA,https://twtaxcreditservices.com,Work Opportunity Tax Credits,Work Opportunity Tax Credits,,,,,,,,,(800) 689-3492,,5.0,0.717,google_places; website,"Business Valuation, Financial Coaching, Credit Coaching, Personal Funding and Business Funding"
Tax Express LLC,Everett,MA,https://taxexpressllc.com,Sales & Use Tax,Sales & Use Tax,,,,,,,,,(617) 389-7100,2012,4.7,0.717,google_places; website,"Tax Express, LLC has over 22 years of experience in Everett, MA area tax preparation, accounting and various financial services. Contact us!"
TaxSpace,Rockledge,PA,https://taxspace.us,Sales & Use Tax,Sales & Use Tax,,,,,,,,,(267) 630-1093,1997,5.0,0.717,google_places; website,"Lorem ipsum dolor sit amet, consectetur adipiscing elit. Ut elit tellus, luctus nec ullamcorper mattis, pulvinar dapibus leo."
Taxhauz LLC,Philadelphia,PA,https://taxhauz.com,Sales & Use Tax,Sales & Use Tax,,,,,,,,,(866) 829-0086,,5.0,0.717,google_places; website,"Struggling with IRS issues or tax debt? Taxhauz in Philadelphia offers expert IRS representation, tax resolution, and personalized help."
Taxpayer Advocate Service Office,Boston,MA,https://taxpayeradvocate.irs.gov,Work Opportunity Tax Credits,Work Opportunity Tax Credits,,,,,,,,,(617) 316-2690,,5.0,0.717,website; google_places,The Taxpayer Advocate Service (TAS) is an independent organization within the IRS. We’re here to ensure that every taxpayer is treated fairly.
The OCI Group,Boston,MA,https://theocigroup.com,Work Opportunity Tax Credits,Work Opportunity Tax Credits,,,,,,,,,(424) 256-6458,,5.0,0.717,website; google_places,"The OCI Group are a contract CFO service that offers customized solutions for businesses, big or small. We will build your finance department from the ground-up; assist you in implementing an accounting system, hire & train staff and create the financial reports that you need to run your business."
USA Tax Service,Philadelphia,PA,https://usataxservice.com,Sales & Use Tax,Sales & Use Tax,,,,,,,,,(215) 747-7100,,4.8,0.717,website; google_places,"Take a look at our Home page. USA Tax Service is a full service tax, accounting and business consulting firm located in Philadelphia, PA."
Upside Tax and Financial - Andrew Donoghue CPA CFP,New York,NY,https://upsidetax.com,Sales & Use Tax,Sales & Use Tax,,,,,Franchise,,,,,,5.0,0.717,google_places; website,"Our CPA’s, bookkeepers, and business service specialists provide a seamless process that ensures you have the most valuable tax preparation experience for your financial needs."
Velasquez Tax & Business Services,Cambridge,MA,https://velasqueztaxbizsvcs.com,Work Opportunity Tax Credits,Work Opportunity Tax Credits,,,,,,,,,(857) 209-8442,,5.0,0.717,website; google_places,Transform your financial future with Boston's premier Black-owned tax & business advisory. Strategic guidance for sustainable growth and wealth building.
W.C. Tax and Consulting Service Inc.,Brooklyn,NY,https://wc-planning.com,Work Opportunity Tax Credits,Work Opportunity Tax Credits,,,,,,,,,(917) 933-9333,,4.8,0.717,google_places; website,威成会计税务为全美个人与企业提供专业报税、公司会计、簿记和税务规划服务。专精美国华人税务需求，支持远程文件提交，价格透明，协助您轻松应对各类 IRS 与州税申报。
W.E.D. Tax and Accounting Services Inc,Chicago,IL,https://wedtax.com,Work Opportunity Tax Credits,Work Opportunity Tax Credits,,,,,,,,,(773) 626-1040,1988,4.9,0.717,google_places; website,This new and exciting Online Office brings financial services directly into your home or business enabling you to moreactively participate in your financial management.
WOTC.com,Monsey,NY,https://hitechpayroll.com,Work Opportunity Tax Credits,Work Opportunity Tax Credits,,,,,,,,,(212) 635-9500,,,0.717,google_places; website,"HiTech Payroll, Inc. is an online payroll service company offering reliable products and services. 5 star rated web based payroll processing and tax filing service providers for small business. Great customer service and 100% accuracy guaranteed! For personalized service call us toll free at 1-800-625-8940."
Water Street Tax Associates & CPAs,Boston,MA,https://waterstreettax.com,Work Opportunity Tax Credits,Work Opportunity Tax Credits,,,,,,,,,(617) 515-3681,,4.0,0.717,google_places; website,Stress free tax season! Contact our expert team of CPAs today and let us provide you with big-four level service at competitive prices.
"Weiss & Associates, Inc.",Dedham,MA,https://weissaccountants.com,Sales & Use Tax,Sales & Use Tax,,,,,,,,,(781) 453-1040,,4.9,0.717,google_places; website,"Home | Accountant, Bookkeeping Services and Payroll Services"
Weisz Accounting Services,Philadelphia,PA,https://weiszaccounting.com,Sales & Use Tax,Sales & Use Tax,,,,,,,,,(215) 462-7465,,4.7,0.717,google_places; website,Please check out ourTax Resources Tabfor additional information and guidance in helping you prepare for tax season
"Wynter Financial Services, Inc.",Atlanta,GA,https://wynterfinancialservice.com,Work Opportunity Tax Credits,Work Opportunity Tax Credits,,,,,,,,,(404) 508-5930,,5.0,0.717,google_places; website,"This website exists to provide clients and potential clients with information concerning our firm and our unique, low-pressure approach to personal and professional services. We have an excellent client-retention rate, and we are extremely proud of the high-quality services that our firm provides."
Z&Z Accounting Services,Boston,MA,https://sites.google.com/znzaccounting.com/888,Sales & Use Tax,Sales & Use Tax,,,,,,,,,(857) 233-2288,2010,4.4,0.717,google_places; website,Welcome to our website! Make this your homepage to stay updated with the latest news about our company.
Anchin,New York,NY,https://anchin.com/?utm_source=google&utm_medium=organic&utm_campaign=gmb,R&D Tax Credits,R&D Tax Credits,,5,,,PE-backed,1,Adjmi Apparel,President,(212) 840-3456,,4.0,0.712,google_places; website,"Anchin delivers trusted accounting, tax, audit, and advisory services. We support businesses, investment funds, and high-net-worth individuals & families."
Tax Solutions Service Center,New York,NY,https://tssc.nyc,Sales & Use Tax,Sales & Use Tax,,2,,,,,,,(212) 219-2168,,5.0,0.705,google_places; website,Experienced preparation that maximizes your deductions while ensuring compliance.
Agro Accounting CPA,Brooklyn,NY,https://agroaccounting.com,Sales & Use Tax,Sales & Use Tax,,,,,,,,,(929) 581-8381,,4.8,0.699,google_places; website,
Agro Accounting CPA,Philadelphia,PA,https://agroaccounting.com,Sales & Use Tax,Sales & Use Tax,,,,,,,,,(267) 996-4499,,5.0,0.699,google_places; website,
S&T Tax & Business Solutions LLC,Boston,MA,https://sttaxbusinesssolutionsllc.com,Sales & Use Tax,Sales & Use Tax,,,,,,,,,(617) 249-5201,,5.0,0.699,website; google_places,
TAX ACCOUNTING SERVICES,Chicago,IL,https://windycityaccountingservices.com,Work Opportunity Tax Credits,Work Opportunity Tax Credits,,,,,,,,,(773) 755-2748,,4.4,0.699,google_places; website,
Tax Service Inc,Philadelphia,PA,https://taxservicesincpa.com,Sales & Use Tax,Sales & Use Tax,,,,,,,,,(445) 888-2827,,4.5,0.699,google_places; website,
W Systems & Trading PC,Atlanta,GA,https://wsprofessionals.com,Work Opportunity Tax Credits,Work Opportunity Tax Credits,,,,,,,,,(678) 831-5202,,4.2,0.699,google_places; website,
eTax Professional Accounting,Boston,MA,https://etaxprofessional.com/?utm_source=google&utm_medium=wix_google_business_profile&utm_campaign=17499013969825211035,Sales & Use Tax,Sales & Use Tax,,,,,,,,,(617) 409-7427,,4.3,0.699,website; google_places,
"Bismark Tax, Inc.",Los Angeles,CA,https://bismarktax.com,Sales & Use Tax,Sales & Use Tax,,,,,,,,,(213) 545-1644,,4.8,0.654,google_places,
CBIZ,Boston,MA,https://cbiz.com/locations/boston-state-street-massachusetts?utm_source=google-business&utm_medium=organic&utm_campaign=offices&utm_content=boston-state-street-massachusetts,Sales & Use Tax,Sales & Use Tax,,,,,,,,,(617) 807-5000,,,0.654,google_places,
D & D Consulting,Middletown,NY,https://ddtax.net,R&D Tax Credits,R&D Tax Credits,,,,,,,,,(845) 343-1929,,4.8,0.654,google_places,
Defense Tax Partners,Los Angeles,CA,https://californiataxattorneys.net/los-angeles-ca/?utm_source=google&utm_medium=maps&utm_campaign=gmb_los_angeles_ca,Sales & Use Tax,Sales & Use Tax,,,,,,,,,(424) 484-6600,,5.0,0.654,google_places,
Financetec,Mattapan,MA,https://financetec.com,Work Opportunity Tax Credits; R&D Tax Credits,Work Opportunity Tax Credits,,,,,,,,,(617) 379-3372,,3.0,0.654,google_places,
H&R Block,Chicago,IL,https://hrblock.com/tax-office-near-me/illinois/chicago/13375/?otppartnerid=9308&campaignid=pw_mcm_9308_9762&utm_medium=local,Work Opportunity Tax Credits,Work Opportunity Tax Credits,,,,,,,,,(773) 384-2656,,4.3,0.654,google_places,
"KBKG - Tax Credits, Incentives, Cost Recovery (Headquarters)",Pasadena,CA,https://kbkg.com,R&D Tax Credits; Cost Segregation,Cost Segregation,,,,,,,,,(877) 525-4462,,5.0,0.654,google_places,
L&D Tax Prep & Consulting,Valley Stream,NY,https://ldtaxconsulting.com,R&D Tax Credits,R&D Tax Credits,,,,,,,,,(516) 709-6211,,5.0,0.654,google_places,
Massachusetts Revenue Department,Boston,MA,https://mass.gov/orgs/massachusetts-department-of-revenue,Work Opportunity Tax Credits,Work Opportunity Tax Credits,,,,,,,,,(617) 887-6367,,1.8,0.654,google_places,
Medallion Accounting PC,Philadelphia,PA,https://facebook.com/medallionaccounting,Sales & Use Tax,Sales & Use Tax,,,,,,,,,(215) 336-7500,,4.9,0.654,google_places,
Omar Financial,Malden,MA,https://omarfinancial.com,Sales & Use Tax,Sales & Use Tax,,,,,,,,,(781) 324-3330,,4.8,0.654,google_places,
"Oren Hen EA, Inc.",Los Angeles,CA,https://orenhenea.com,Sales & Use Tax,Sales & Use Tax,,,,,,,,,(323) 433-4363,,5.0,0.654,google_places,
PRD TAX SERVICES,East Boston,MA,https://prdtaxservices.com,R&D Tax Credits,R&D Tax Credits,,,,,,,,,(857) 256-2494,,4.9,0.654,google_places,
RÖDL USA - Rödl Langford de Kock LLP,New York,NY,https://roedl.com/us/locations/new_york.html,R&D Tax Credits,R&D Tax Credits,,,,,,,,,(212) 380-9210,,3.7,0.654,google_places,
Sales Tax Defense LLC,Deer Park,NY,https://salestaxdefense.com,Sales & Use Tax,Sales & Use Tax,,,,,,,,,(631) 491-1500,,5.0,0.654,google_places,
"Sandra Tapia, CPA, PLLC",Pasadena,TX,https://pasadena-taxservices.com,Work Opportunity Tax Credits,Work Opportunity Tax Credits,,,,,,,,,(832) 672-7530,,4.8,0.654,google_places,
Tax Accountant - Fincadia,New York,NY,https://fincadiatax.com/taxaccountant-nyc/?utm_campaign=gmb&utm_medium=tax_accountant_nyc,Sales & Use Tax,Sales & Use Tax,,,,,,,,,(917) 924-9934,,5.0,0.654,google_places,
Tax Hack Accounting Group,Los Angeles,CA,https://mytaxhack.com,Sales & Use Tax,Sales & Use Tax,,,,,,,,,(866) 235-8426,,4.8,0.654,google_places,
Tax Opportunities America,Brooklyn,NY,https://taxoa.com,Work Opportunity Tax Credits,Work Opportunity Tax Credits,,,,,,,,,(718) 705-9003,,,0.654,google_places,
Tax Problem Law Center LLC.,Garden City,NY,https://taxproblemlawcenter.com,Sales & Use Tax,Sales & Use Tax,,,,,,,,,(516) 620-5944,,4.9,0.654,google_places,
"The Tax Consultants, Inc.",Fall River,MA,https://taxes52.com,Sales & Use Tax,Sales & Use Tax,,,,,,,,,(508) 678-4844,,4.3,0.654,google_places,
USA Tax Settlement,Granada Hills,CA,https://usataxsettlement.com,Sales & Use Tax,Sales & Use Tax,,,,,,,,,(866) 511-2585,,5.0,0.654,google_places,
VMR Financial Strategies,Chicago,IL,https://vmrtaxservice.com,Work Opportunity Tax Credits,Work Opportunity Tax Credits,,,,,,,,,(773) 539-2440,,4.5,0.654,google_places,
WTM Accounting Services LLP,Quincy,MA,https://wtmcpatax.com,Work Opportunity Tax Credits,Work Opportunity Tax Credits,,,,,,,,,(617) 860-7676,,5.0,0.654,google_places,
Walter Financial Services.Inc,Medford,MA,https://walterfinancialservices.com,Work Opportunity Tax Credits,Work Opportunity Tax Credits,,,,,,,,,(617) 614-7390,,5.0,0.654,google_places,
Wang & Co,Houston,TX,https://wangcpa.com,Work Opportunity Tax Credits,Work Opportunity Tax Credits,,,,,,,,,(713) 772-9600,,4.7,0.654,google_places,
Windy City Tax Relief,Chicago,IL,https://windycitytaxrelief.com/?utm_source=gbp&utm_medium=google&utm_campaign=click,Work Opportunity Tax Credits,Work Opportunity Tax Credits,,,,,,,,,(630) 926-2183,,4.9,0.654,google_places,
CTS Financial Services Co,Chicago,IL,,Work Opportunity Tax Credits,Work Opportunity Tax Credits,,,,,,,,,(773) 282-3200,,4.7,0.636,google_places,
Cost Seg Advisor - New Jersey / Pennsylvania,Scotrun,PA,,Cost Segregation,Cost Segregation,,,,,,,,,(862) 324-2295,,,0.636,google_places,
EZ Tax Solutions Co. (Formerly Silva's Tax Services,Los Angeles,CA,,Sales & Use Tax,Sales & Use Tax,,,,,,,,,(866) 242-4212,,4.8,0.636,google_places,
Equity Finance & Tax Services LLC,Sandy Springs,GA,,Work Opportunity Tax Credits,Work Opportunity Tax Credits,,,,,,,,,(678) 984-7737,,4.8,0.636,google_places,
First Western Tax Services,Chicago,IL,,Work Opportunity Tax Credits,Work Opportunity Tax Credits,,,,,,,,,(773) 293-3910,,5.0,0.636,google_places,
"Income Tax Aoua & Associates, Inc.",Philadelphia,PA,,Sales & Use Tax,Sales & Use Tax,,,,,,,,,(215) 474-9600,,5.0,0.636,google_places,
LE TAX & PAYROLL,Philadelphia,PA,,Sales & Use Tax,Sales & Use Tax,,,,,,,,,(267) 343-5578,,4.3,0.636,google_places,
Noel Business Tax Consultatants,Philadelphia,PA,,Sales & Use Tax,Sales & Use Tax,,,,,,,,,(215) 821-2443,,5.0,0.636,google_places,
Northwest Accounting & Tax Services,Chicago,IL,,Work Opportunity Tax Credits,Work Opportunity Tax Credits,,,,,,,,,(773) 889-9800,,4.3,0.636,google_places,
Otero Income Tax,Chicago,IL,,Work Opportunity Tax Credits,Work Opportunity Tax Credits,,,,,,,,,(773) 471-0928,,4.7,0.636,google_places,
Professional Consultant Services,Philadelphia,PA,,Sales & Use Tax,Sales & Use Tax,,,,,,,,,(215) 739-2882,,4.8,0.636,google_places,
RTS CAPITAL HOLDINGS INC,New York,NY,,R&D Tax Credits,R&D Tax Credits,,,,,,,,,(212) 568-3268,,4.6,0.636,google_places,
T&C Financial Services,Alpharetta,GA,,Work Opportunity Tax Credits,Work Opportunity Tax Credits,,,,,,,,,(678) 428-1768,,3.0,0.636,google_places,
Tax Specialists Inc.,New York,NY,,Sales & Use Tax,Sales & Use Tax,,,,,,,,,(212) 366-6808,,4.2,0.636,google_places,
Tax Wiz,New York,NY,,Work Opportunity Tax Credits,Work Opportunity Tax Credits,,,,,,,,,(212) 876-1978,,3.0,0.636,google_places,
The Moneytree Income Tax Preparation,South Richmond Hill,NY,,Work Opportunity Tax Credits,Work Opportunity Tax Credits,,,,,,,,,(718) 659-6600,,4.2,0.636,google_places,
US Accountants P.C.,Los Angeles,CA,,Sales & Use Tax,Sales & Use Tax,,,,,,,,,(213) 833-9037,,5.0,0.636,google_places,
VT SERVICE Inc,Dorchester,MA,,Work Opportunity Tax Credits,Work Opportunity Tax Credits,,,,,,,,,(617) 822-9226,,5.0,0.636,google_places,
WBK Accounting Services,Chicago,IL,,Work Opportunity Tax Credits,Work Opportunity Tax Credits,,,,,,,,,(773) 342-7830,,5.0,0.636,google_places,
WFC Financial Services,Arlington Heights,IL,,Work Opportunity Tax Credits,Work Opportunity Tax Credits,,,,,,,,,(847) 590-0666,,5.0,0.636,google_places,
WOSER ACCONTING SERVICES,Houston,TX,,Work Opportunity Tax Credits,Work Opportunity Tax Credits,,,,,,,,,(346) 438-8670,,,0.636,google_places,
WU & CHU CPA PLLC,Brooklyn,NY,,Work Opportunity Tax Credits,Work Opportunity Tax Credits,,,,,,,,,(718) 971-3933,,4.9,0.636,google_places,
World & Associates Tax Services,Oak Park,IL,,Work Opportunity Tax Credits,Work Opportunity Tax Credits,,,,,,,,,(708) 524-0751,,4.0,0.636,google_places,
Ws Tax Services Co,Chicago,IL,,Work Opportunity Tax Credits,Work Opportunity Tax Credits,,,,,,,,,(773) 776-8943,,5.0,0.636,google_places,
Yancey Financial Services,Boston,MA,,Work Opportunity Tax Credits,Work Opportunity Tax Credits,,,,,,,,,(617) 287-8430,,5.0,0.636,google_places,
Your Financial Services,Chicago,IL,,Work Opportunity Tax Credits,Work Opportunity Tax Credits,,,,,,,,,(773) 336-2701,,4.0,0.636,google_places,
Danisher Consulting,The Woodlands,TX,https://danisherconsulting.com,R&D Tax Credits,R&D Tax Credits,,,,,PE-backed,1,,,(800) 285-4629,,5.0,0.63,google_places; website,"Unlike other professional firms, our consultants have walked more than a few miles in our clients' shoes."
Tax World Accounting & Financial Services,Chicago,IL,,Work Opportunity Tax Credits,Work Opportunity Tax Credits,,,,,,,,,,,,0.618,google_places,
US Tax Consultants Inc,Philadelphia,PA,,Sales & Use Tax,Sales & Use Tax,,,,,,,,,,,3.0,0.618,google_places,
Wr Financial Services,Yonkers,NY,,Work Opportunity Tax Credits,Work Opportunity Tax Credits,,,,,,,,,,,,0.618,google_places,
